{"iter":1000,"mfu":2.152135401457582,"_step":20,"val/loss":0.2070656716823578,"lr":2e-06,"train/loss":0.15432985126972198,"_runtime":2158.844694057,"_timestamp":1.7441147910587342e+09,"_wandb":{"runtime":2160}}