{"_timestamp":1.7441125995364728e+09,"_runtime":190.435073678,"iter":1000,"train/loss":0.0887255147099495,"_step":20,"mfu":3.1803500180701856,"val/loss":0.38815417885780334,"lr":2e-06,"_wandb":{"runtime":190}}